perm_write,perm_update_device,perm_alarm,perm_install,perm_write_history,perm_read_history,perm_write_settings,perm_send_sms,perm_recieve_sms,smali_size,perm_rate,class
False,False,False,False,False,False,False,False,False,79087000,3.034632746216192e-07,benign
False,False,False,False,False,False,False,False,False,53027916,5.657397511152428e-08,benign
False,False,False,False,False,False,False,False,False,35483173,5.636474505817166e-08,benign
False,False,False,False,False,False,False,False,False,4515431,1.9931652150149124e-06,benign
False,False,False,False,False,False,False,False,False,29906909,1.2037352305448886e-06,benign
False,False,False,False,False,False,False,False,False,7053254,8.506711937497217e-07,benign
False,False,False,False,False,False,False,False,False,26417371,2.649771621861994e-07,benign
False,False,False,False,False,False,False,False,False,21515921,4.1829489892624165e-07,benign
False,False,False,False,False,False,False,False,False,47371381,3.3775667211390775e-07,benign
False,False,False,False,False,False,False,False,False,7611054,9.197149304156823e-07,benign
False,False,False,False,False,False,False,False,False,30030233,2.3309842451105856e-07,malicious
False,False,False,False,False,False,False,False,False,30425897,2.6293390791403783e-07,malicious
False,False,False,False,False,False,False,True,True,32178652,1.957819737135042e-06,malicious
False,False,False,False,False,False,False,True,False,32454102,6.470676649749852e-07,malicious
False,False,False,False,False,False,False,False,False,32108624,6.851741762586898e-07,malicious
False,False,False,False,False,False,False,False,False,32830468,3.350546206042509e-07,malicious
False,False,False,False,False,False,False,False,False,30682923,6.8441979924794e-07,malicious
False,False,False,False,False,False,False,False,False,32489158,1.5389749405016897e-06,malicious
False,False,False,False,False,False,False,False,False,30033240,1.0321896671820955e-06,malicious
False,False,False,False,False,False,False,True,True,31707490,1.0407635546049215e-06,malicious
